"relative_path","extension","filename","size_bytes","last_write","creation_time","sha256","source_class","matching_mq5","matching_ex5","lines","inputs","includes","symbol_evidence","filename_symbol","timeframe_evidence","broker_evidence","magic_evidence","features"
"Advisors\ExpertMACD.ex5",".ex5","ExpertMACD.ex5","143654","2026-03-15T15:45:32","2026-09-12T01:22:52","09C7E7059414927C312AC3A33B649BE679244FCE899E0107AB35669B8007624E","THIRD_PARTY_OR_REFERENCE","True","True","0","0","0","UNKNOWN","UNKNOWN","","UNPROVEN","UNPROVEN",""
"Advisors\ExpertMACD.mq5",".mq5","ExpertMACD.mq5","6074","2026-03-15T15:45:27","2026-09-12T01:22:52","6E74D3E8E90324E5180EC717DC536530D2BCDA7CEE944B813626211E54B67820","THIRD_PARTY_OR_REFERENCE","True","True","169","6","4","UNKNOWN","UNKNOWN","","UNPROVEN","UNPROVEN",""
"Advisors\ExpertMAMA.ex5",".ex5","ExpertMAMA.ex5","153308","2026-03-15T15:45:33","2026-09-12T01:22:52","CA1B005B370691E0A97A53C40B4037E4B7A2D9EF93D16D2ADD1095FF3910B143","THIRD_PARTY_OR_REFERENCE","True","True","0","0","0","UNKNOWN","UNKNOWN","","UNPROVEN","UNPROVEN",""
"Advisors\ExpertMAMA.mq5",".mq5","ExpertMAMA.mq5","6427","2026-03-15T15:45:27","2026-09-12T01:22:52","9D99ED8320D56651EC8B75C41A07C336B58AC265F04598AD5DD2824BCD670E51","THIRD_PARTY_OR_REFERENCE","True","True","176","9","4","UNKNOWN","UNKNOWN","","UNPROVEN","UNPROVEN",""
"Advisors\ExpertMAPSAR.ex5",".ex5","ExpertMAPSAR.ex5","152188","2026-03-15T15:45:34","2026-09-12T01:22:52","CA272D6D95F2F5F88C9956D24D843836584017D919B2D1C78E716B963F58AC68","THIRD_PARTY_OR_REFERENCE","True","True","0","0","0","UNKNOWN","UNKNOWN","","UNPROVEN","UNPROVEN",""
"Advisors\ExpertMAPSAR.mq5",".mq5","ExpertMAPSAR.mq5","6342","2026-03-15T15:45:27","2026-09-12T01:22:52","6C5E7B665A766E6E995B673D9B8CD1E4C40E4DE885C4413AD8F7E4B8A9A45E62","THIRD_PARTY_OR_REFERENCE","True","True","172","7","4","UNKNOWN","UNKNOWN","","UNPROVEN","UNPROVEN",""
"Advisors\ExpertMAPSARSizeOptimized.ex5",".ex5","ExpertMAPSARSizeOptimized.ex5","155912","2026-03-15T15:45:36","2026-09-12T01:22:52","92D377185A8507B1C9276205C21AB6CA591E794882405CF14AEAA6CE6925A737","THIRD_PARTY_OR_REFERENCE","True","True","0","0","0","UNKNOWN","UNKNOWN","","UNPROVEN","UNPROVEN",""
"Advisors\ExpertMAPSARSizeOptimized.mq5",".mq5","ExpertMAPSARSizeOptimized.mq5","6710","2026-03-15T15:45:27","2026-09-12T01:22:52","7A85019FFE7063656F234629D10423DD4E1661857B787350964BDC0A4E8AE299","THIRD_PARTY_OR_REFERENCE","True","True","177","9","4","UNKNOWN","UNKNOWN","","UNPROVEN","UNPROVEN",""
"AKALI EA.ex5",".ex5","AKALI EA.ex5","26102","2026-03-20T03:04:38","2026-09-12T01:22:52","8A8EA0AC70DF3FDC333DD86D1E7A20BAB3CBBAF7FD129032CAF6C351279975B2","USER_OR_UNPROVEN","True","True","0","0","0","UNKNOWN","UNKNOWN","","UNPROVEN","UNPROVEN",""
"AKALI EA.mq5",".mq5","AKALI EA.mq5","22749","2026-03-20T03:04:37","2026-09-12T01:22:52","822C28EA1F4E5B165F2AD1C8EC5A809464BF43420947231512CF6ECFDFB66F9E","USER_OR_UNPROVEN","True","True","573","32","0","XAUUSD","UNKNOWN","M1","UNPROVEN","UNPROVEN","OrderSend,iRSI,iATR"
"Akaliea.ex5",".ex5","Akaliea.ex5","48520","2026-03-20T10:52:46","2026-09-12T01:22:52","70154DFDE19AA3B4BF55A5B66913429C56F6B13D4F9F67EF1A8DF5CEAB754A69","USER_OR_UNPROVEN","True","True","0","0","0","UNKNOWN","UNKNOWN","","UNPROVEN","UNPROVEN",""
"Akaliea.mq5",".mq5","Akaliea.mq5","17892","2026-03-20T10:48:50","2026-09-12T01:22:52","28032255494BBC75754FA48AD372F01FAE14A6063730FCF28DD2F03B3F31DD8B","USER_OR_UNPROVEN","True","True","418","46","2","XAUUSD","UNKNOWN","M1","UNPROVEN","UNPROVEN","CTrade,iRSI,iMA,iATR,iStochastic"
"APEXQUANT - V7.7-PRO.ex5",".ex5","APEXQUANT - V7.7-PRO.ex5","151236","2026-05-04T23:46:13","2026-09-12T01:22:52","603163F7B802C2416B2DBC612899D410CDC4FBD6EB5AF30DC3D780CFC151864F","USER_OR_UNPROVEN","True","True","0","0","0","UNKNOWN","UNKNOWN","","UNPROVEN","UNPROVEN",""
"APEXQUANT - V7.7-PRO.mq5",".mq5","APEXQUANT - V7.7-PRO.mq5","111139","2026-05-04T23:46:10","2026-09-12T01:22:52","F6D01A2196966EB15F3F2516D1D29CEB04A8BFDCF8F19E2B83A83881935C62D4","USER_OR_UNPROVEN","True","True","2656","131","2","XAUUSD","UNKNOWN","M1,M5","UNPROVEN","UNPROVEN","CTrade,iRSI,iMA,iATR,iMACD,ADX"
"ApexQuant BTCUSD.ex5",".ex5","ApexQuant BTCUSD.ex5","88998","2026-03-31T17:15:46","2026-09-12T01:22:51","020B44951BE72FBBF37F6D12A4811B8D367EC30D4C5E9A2AA23BAB9C25AEFE16","USER_OR_UNPROVEN","True","True","0","0","0","UNKNOWN","BTCUSD","","UNPROVEN","UNPROVEN",""
"ApexQuant BTCUSD.mq5",".mq5","ApexQuant BTCUSD.mq5","62138","2026-03-31T17:15:45","2026-09-12T01:22:51","AC22054393AFF00D8D44BEEB488ED92A578E7F6397A3027F887D3A410176B3EB","USER_OR_UNPROVEN","True","True","1444","90","2","XAUUSD","BTCUSD","M1,M5","UNPROVEN","UNPROVEN","CTrade,iRSI,iMA,iATR,iMACD,ADX"
"ApexQuant Diego Saenz.ex5",".ex5","ApexQuant Diego Saenz.ex5","116622","2026-04-27T13:53:58","2026-09-12T01:22:51","A458E54EBDFCE07B38BCDF302BAD8CBBF5EFB206BB5D70920DF17C71D85C1A02","USER_OR_UNPROVEN","True","True","0","0","0","UNKNOWN","UNKNOWN","","UNPROVEN","UNPROVEN",""
"ApexQuant Diego Saenz.mq5",".mq5","ApexQuant Diego Saenz.mq5","104277","2026-04-27T13:53:56","2026-09-12T01:22:51","8848628AE4527F9007ED0F821E2181F62244FD3819ACE016EB446E7DB3428DE5","USER_OR_UNPROVEN","True","True","2638","96","2","XAUUSD","UNKNOWN","M1,M5","UNPROVEN","UNPROVEN","CTrade,iRSI,iMA,iATR,iMACD,ADX,ML"
"ApexQuant Institucional BTCUSD.ex5",".ex5","ApexQuant Institucional BTCUSD.ex5","140712","2026-04-11T13:30:25","2026-09-12T01:22:51","33E094799FBBADD44ED7541D755E00ED25E8355E9AABE0071BF6A89B647A7E9F","USER_OR_UNPROVEN","True","True","0","0","0","UNKNOWN","BTCUSD","","UNPROVEN","UNPROVEN",""
"ApexQuant Institucional BTCUSD.mq5",".mq5","ApexQuant Institucional BTCUSD.mq5","115012","2026-04-11T13:29:03","2026-09-12T01:22:51","0A37CCCE0A89191C47CEE1FD43E5C015B3E119C3F86A5C1308CA088549D4663F","USER_OR_UNPROVEN","True","True","2663","121","2","XAUUSD","BTCUSD","M1,M5","Pepperstone","UNPROVEN","CTrade,iRSI,iMA,iATR,iMACD,ADX"
"ApexQuant Institucional XAUUSD.ex5",".ex5","ApexQuant Institucional XAUUSD.ex5","151684","2026-04-23T12:48:10","2026-09-12T01:22:51","8F0C79158C6A5A02CE05A98FB1F0783F4CDFE59247F9C3EE28AC5361F830165B","USER_OR_UNPROVEN","True","True","0","0","0","UNKNOWN","XAUUSD","","UNPROVEN","UNPROVEN",""
"ApexQuant Institucional XAUUSD.mq5",".mq5","ApexQuant Institucional XAUUSD.mq5","93845","2026-04-14T04:38:59","2026-09-12T01:22:51","594807B002079391AD8335939B4D59B047A362C163DC7FF00253C1F58B52BBDA","USER_OR_UNPROVEN","True","True","2383","93","2","XAUUSD","XAUUSD","M1,M5","UNPROVEN","UNPROVEN","CTrade,iRSI,iMA,iATR,iMACD,ADX"
"ApexQuant Institucional.ex5",".ex5","ApexQuant Institucional.ex5","139274","2026-04-15T01:38:20","2026-09-12T01:22:51","EBC58E01A1CC2B22DFD59D6286DF580417EA96E26BF1B0F1BA57FC53EC4F1959","USER_OR_UNPROVEN","True","True","0","0","0","UNKNOWN","UNKNOWN","","UNPROVEN","UNPROVEN",""
"ApexQuant Institucional.mq5",".mq5","ApexQuant Institucional.mq5","109035","2026-04-15T16:20:44","2026-09-12T01:22:51","FD5C12C639D92CA19B52A40821778ADA055DE0BF9F64CE86CD1497DA837D2A6B","USER_OR_UNPROVEN","True","True","2625","121","2","XAUUSD","UNKNOWN","M1,M5","Pepperstone","UNPROVEN","CTrade,iRSI,iMA,iATR,iMACD,ADX"
"ApexQuant MQL5.ex5",".ex5","ApexQuant MQL5.ex5","203270","2026-04-23T14:43:49","2026-09-12T01:22:51","260557744F076463B37B2B168AAAFE5AC2BB13438E54863F4D3C932E8D6BEF72","USER_OR_UNPROVEN","True","True","0","0","0","UNKNOWN","UNKNOWN","","UNPROVEN","UNPROVEN",""
"ApexQuant MQL5.mq5",".mq5","ApexQuant MQL5.mq5","109991","2026-04-15T20:30:46","2026-09-12T01:22:51","35EA61867B32141E60C0C2DB8DAC54A40CD795785D241C8F6D9608E774BFF485","USER_OR_UNPROVEN","True","True","2641","131","2","XAUUSD","UNKNOWN","M1,M5","UNPROVEN","UNPROVEN","CTrade,iRSI,iMA,iATR,iMACD,ADX"
"ApexQuant XAUUSD.ex5",".ex5","ApexQuant XAUUSD.ex5","83436","2026-04-01T21:30:15","2026-09-12T01:22:51","BFDC5E1AC6BBD5171FF56B009B354583C9079E1EA1819D19A59757A88969309F","USER_OR_UNPROVEN","True","True","0","0","0","UNKNOWN","XAUUSD","","UNPROVEN","UNPROVEN",""
"ApexQuant XAUUSD.mq5",".mq5","ApexQuant XAUUSD.mq5","55172","2026-04-01T21:30:14","2026-09-12T01:22:51","B8299D7DD0925C912302A07B0FB4E25D8FBFDA389BAAF34E9030BE2A8A976F81","USER_OR_UNPROVEN","True","True","1309","84","2","XAUUSD","XAUUSD","M1,M5","UNPROVEN","UNPROVEN","CTrade,iRSI,iMA,iATR,iMACD,ADX"
"ApexQuant.ex5",".ex5","ApexQuant.ex5","47962","2026-03-20T00:27:49","2026-09-12T01:22:51","E16AD2D494542CB62D9F9CD6FA260B6FAAE472498ECCA76B2E57C12BC9916472","USER_OR_UNPROVEN","True","True","0","0","0","UNKNOWN","UNKNOWN","","UNPROVEN","UNPROVEN",""
"ApexQuant.mq5",".mq5","ApexQuant.mq5","19922","2026-03-20T00:26:55","2026-09-12T01:22:51","81DC0E531461C06E763A5135F85DF3000496A1ACBE17E4E00B0B6A8B6EB36122","USER_OR_UNPROVEN","True","True","448","32","1","UNKNOWN","UNKNOWN","M1,M5","UNPROVEN","UNPROVEN","CTrade,OnTradeTransaction,iRSI,iMA,iATR,iBands,iMACD,Bollinger"
"ApexQuant_Phase1_Trim.ex5",".ex5","ApexQuant_Phase1_Trim.ex5","56412","2026-04-26T19:08:42","2026-09-12T01:22:51","6E99C71B8582333B630F8FFF3817067DA9880F631FF79680FFA5D85F2BA6CD03","USER_OR_UNPROVEN","True","True","0","0","0","UNKNOWN","UNKNOWN","","UNPROVEN","UNPROVEN",""
"ApexQuant_Phase1_Trim.mq5",".mq5","ApexQuant_Phase1_Trim.mq5","7839","2026-04-19T04:25:51","2026-09-12T01:22:51","B6B72111C020A8709D472745D2144446385928A43878984E631129E2BB3E7B8A","USER_OR_UNPROVEN","True","True","204","21","2","UNKNOWN","UNKNOWN","H1","UNPROVEN","UNPROVEN","CTrade,iMA,iATR"
"ApexQuant_V7.8-PRO.mq5",".mq5","ApexQuant_V7.8-PRO.mq5","134191","2026-05-05T00:03:10","2026-09-12T01:22:51","59B925DE7C07378AF2B2F78E2B0FC85B1590ED38FC4C7F5D1DB857090631D2F7","USER_OR_UNPROVEN","True","False","3143","146","2","XAUUSD","UNKNOWN","M1,M5,H1","Pepperstone","UNPROVEN","CTrade,iRSI,iMA,iATR,iMACD,ADX"
"APEXQUANT_V78_DYNAMIC.ex5",".ex5","APEXQUANT_V78_DYNAMIC.ex5","157724","2026-05-05T01:39:08","2026-09-12T01:22:51","F8AE1CFE986E71FF683637E062E6CA731BE9DF843DE77F680D91860637932940","USER_OR_UNPROVEN","True","True","0","0","0","UNKNOWN","UNKNOWN","","UNPROVEN","UNPROVEN",""
"APEXQUANT_V78_DYNAMIC.mq5",".mq5","APEXQUANT_V78_DYNAMIC.mq5","112062","2026-05-05T01:38:58","2026-09-12T01:22:51","7EFBE10BBABE74D7E1C523CFA1E9382D4EC23910656C30D0D854D73150A73539","USER_OR_UNPROVEN","True","True","2765","156","2","XAUUSD","UNKNOWN","M1,M5","UNPROVEN","UNPROVEN","CTrade,iRSI,iMA,iATR,iMACD,ADX"
"APEXQUANT_V79_ASYMMETRIC.ex5",".ex5","APEXQUANT_V79_ASYMMETRIC.ex5","164598","2026-05-05T06:38:00","2026-09-12T01:22:51","2A68C4673BC281488ADFBCDDF9B656402034AD60DDCAA6C5B6C8736FE174ED0A","USER_OR_UNPROVEN","True","True","0","0","0","UNKNOWN","UNKNOWN","","UNPROVEN","UNPROVEN",""
"APEXQUANT_V79_ASYMMETRIC.mq5",".mq5","APEXQUANT_V79_ASYMMETRIC.mq5","103654","2026-05-05T06:37:52","2026-09-12T01:22:51","39B31F5F6C24C00BF2C6D1EDEA13FE18A289BE397A12401EB5F20E8FA8989F8A","USER_OR_UNPROVEN","True","True","2181","167","2","XAUUSD","UNKNOWN","M1,M5","UNPROVEN","UNPROVEN","CTrade,iRSI,iMA,iATR,iMACD,ADX"
"ApexQuantFenix.ex5",".ex5","ApexQuantFenix.ex5","68798","2026-03-20T16:30:35","2026-09-12T01:22:51","5D5876E80569E87C6C0266DBB9CF427E22E4EECA0C25B2EA0E417B5844E88478","USER_OR_UNPROVEN","True","True","0","0","0","UNKNOWN","UNKNOWN","","UNPROVEN","UNPROVEN",""
"ApexQuantFenix.mq5",".mq5","ApexQuantFenix.mq5","40479","2026-03-20T16:30:05","2026-09-12T01:22:51","11C64D37B2400A53D663E4E4007F6C52178E379BFBFDC3DF4298CB5E0636C89A","USER_OR_UNPROVEN","True","True","920","59","2","XAUUSD","UNKNOWN","M1","UNPROVEN","UNPROVEN","CTrade,iRSI,iMA,iATR,iMACD,ADX"
"AQDSV7.6 Gemini 3.5 Pro.ex5",".ex5","AQDSV7.6 Gemini 3.5 Pro.ex5","119228","2026-04-08T10:03:03","2026-09-12T01:22:51","5C95D534BCD83060B21C305A0EC4B7E3A3FB8FCF4AA1E1B19A49CC2B1B6886B7","USER_OR_UNPROVEN","True","True","0","0","0","UNKNOWN","UNKNOWN","","UNPROVEN","UNPROVEN",""
"AQDSV7.6 Gemini 3.5 Pro.mq5",".mq5","AQDSV7.6 Gemini 3.5 Pro.mq5","70996","2026-04-08T10:03:01","2026-09-12T01:22:51","525764621D0FCCD2B637365A431933DED04B051FD4CDC7456BD8923D934092B1","USER_OR_UNPROVEN","True","True","1546","113","2","XAUUSD","UNKNOWN","M1,M5","UNPROVEN","UNPROVEN","CTrade,iRSI,iMA,iATR,iMACD,ADX,ML"
"BTCUSD NeurAlgo M1.ex5",".ex5","BTCUSD NeurAlgo M1.ex5","161330","2026-05-12T14:40:09","2026-09-12T01:22:51","15725DE336614A1DD3A3B8FADB8D23E139D626CD3256424C5A1AA5E00DC5418E","USER_OR_UNPROVEN","True","True","0","0","0","UNKNOWN","BTCUSD","","UNPROVEN","UNPROVEN",""
"BTCUSD NeurAlgo M1.mq5",".mq5","BTCUSD NeurAlgo M1.mq5","97867","2026-05-12T14:40:06","2026-09-12T01:22:52","61CA9A554C244A55C29AD4EB043AD8E2351A073CE34DC78FAC7F6204CE82CE1C","USER_OR_UNPROVEN","True","True","2082","167","2","BTCUSD","BTCUSD","M1,M5","UNPROVEN","UNPROVEN","CTrade,iRSI,iMA,iATR,iMACD,ADX"
"BTCUSD NeurAlgo M15.ex5",".ex5","BTCUSD NeurAlgo M15.ex5","65644","2026-05-08T06:13:48","2026-09-12T01:22:51","1439A3C1D4A63A5201CF371E3861DBBEB7B6153C1FB45CA5011E0763334BBD74","USER_OR_UNPROVEN","False","True","0","0","0","UNKNOWN","BTCUSD","","UNPROVEN","UNPROVEN",""
"Core_Sensor.mqh.mq5",".mq5","Core_Sensor.mqh.mq5","3751","2026-04-21T20:16:39","2026-09-12T01:22:51","45B979CC4A5F0447E38441AC6B62E2274E29A372CAC902B014A546B4942EC3A7","USER_OR_UNPROVEN","True","False","106","0","1","UNKNOWN","UNKNOWN","","UNPROVEN","UNPROVEN",""
"Diagnostico_BTC.ex5",".ex5","Diagnostico_BTC.ex5","8532","2026-04-18T17:03:52","2026-09-12T01:22:51","7D13AD1AE516AB68A39C82F0F51E4360638BDB59E2E6948BAEBD3EEEA38F19ED","USER_OR_UNPROVEN","True","True","0","0","0","UNKNOWN","UNKNOWN","","UNPROVEN","UNPROVEN",""
"Diagnostico_BTC.mq5",".mq5","Diagnostico_BTC.mq5","1597","2026-04-18T17:03:52","2026-09-12T01:22:51","9F816C61445D58E09A6CFA64469D9D810E233C3A96E0365AEB18916D26E37C79","USER_OR_UNPROVEN","True","True","34","0","0","UNKNOWN","UNKNOWN","","Pepperstone","UNPROVEN",""
"DiegoSaenz 24h.ex5",".ex5","DiegoSaenz 24h.ex5","98752","2026-04-13T15:37:39","2026-09-12T01:22:51","2F6D4AF9D6CE80AED809FC3025C0194796A10155715E7FA8FFF6268B326566F1","USER_OR_UNPROVEN","True","True","0","0","0","UNKNOWN","UNKNOWN","","UNPROVEN","UNPROVEN",""
"DiegoSaenz 24h.mq5",".mq5","DiegoSaenz 24h.mq5","71255","2026-04-13T15:37:37","2026-09-12T01:22:51","F9606E0C591FFE0385F45185CF55DB186629E07643B03F08B1F892BE3FB4147A","USER_OR_UNPROVEN","True","True","1803","90","2","XAUUSD","UNKNOWN","M1,M5","UNPROVEN","UNPROVEN","CTrade,iRSI,iMA,iATR,iMACD,ADX"
"DiegoSaenz.ex5",".ex5","DiegoSaenz.ex5","88890","2026-03-20T15:47:54","2026-09-12T01:22:51","E0655AC8DE661A13567F08DB2DE6F992C96AFA9167660BC9DA8AE59CEB75D2EC","USER_OR_UNPROVEN","True","True","0","0","0","UNKNOWN","UNKNOWN","","UNPROVEN","UNPROVEN",""
"DiegoSaenz.mq5",".mq5","DiegoSaenz.mq5","57302","2026-03-20T15:47:53","2026-09-12T01:22:51","A453A944E86E6BF51DC649558EA5FC15E9366F9236CA6D15CAFC6B063ECD6F1A","USER_OR_UNPROVEN","True","True","1359","87","2","XAUUSD","UNKNOWN","M1,M5","UNPROVEN","UNPROVEN","CTrade,iRSI,iMA,iATR,iMACD,ADX"
"Engulfingbull ny backtested.ex5",".ex5","Engulfingbull ny backtested.ex5","70780","2026-04-16T02:14:15","2026-09-12T01:22:51","D3954513BF3D745678A75DD9B8C483DD1A880ABB06E9D33B5DCFA980CF3C989D","USER_OR_UNPROVEN","True","True","0","0","0","UNKNOWN","UNKNOWN","","UNPROVEN","UNPROVEN",""
"Engulfingbull ny backtested.mq5",".mq5","Engulfingbull ny backtested.mq5","35740","2026-04-16T02:09:49","2026-09-12T01:22:51","BDDBE7B7971575BC3CE95192338ABDF41D077269F0EE603849494D1EA85BECF7","USER_OR_UNPROVEN","True","True","736","17","1","UNKNOWN","UNKNOWN","","UNPROVEN","UNPROVEN","CTrade,iATR"
"EngulfingBull_NY_EA.ex5",".ex5","EngulfingBull_NY_EA.ex5","72438","2026-05-05T23:53:02","2026-09-12T01:22:51","FD4A8B37E17F7F97AC1C3172CAB65083B615882B0D329CADF932AE20AAC602C8","USER_OR_UNPROVEN","True","True","0","0","0","UNKNOWN","UNKNOWN","","UNPROVEN","UNPROVEN",""
"EngulfingBull_NY_EA.mq5",".mq5","EngulfingBull_NY_EA.mq5","35741","2026-05-05T00:35:20","2026-09-12T01:22:51","1EC96B1779508EFC9955CEE7B191BFA0775DF9E4DB3D9B5CA388B730279DC655","USER_OR_UNPROVEN","True","True","737","17","1","UNKNOWN","UNKNOWN","","UNPROVEN","UNPROVEN","CTrade,iATR"
"EngulfingBull_NY_EA_v3.ex5",".ex5","EngulfingBull_NY_EA_v3.ex5","71246","2026-05-06T16:11:39","2026-09-12T01:22:51","889554E454636D4580493FAA1FE432090B14F090ECB92A313D6ADD84A79519DD","USER_OR_UNPROVEN","True","True","0","0","0","UNKNOWN","UNKNOWN","","UNPROVEN","UNPROVEN",""
"EngulfingBull_NY_EA_v3.mq5",".mq5","EngulfingBull_NY_EA_v3.mq5","26202","2026-05-06T03:24:53","2026-09-12T01:22:51","7AC2BC87FC8608A4D8E7B53A039FDCB2014118C9DFA55D484E3C93EBA1314EB8","USER_OR_UNPROVEN","True","True","561","20","1","UNKNOWN","UNKNOWN","","UNPROVEN","UNPROVEN","CTrade,iATR"
"Examples\ChartInChart\ChartInChart.ex5",".ex5","ChartInChart.ex5","19714","2026-03-15T15:45:37","2026-09-12T01:22:52","7F52803BB7CC66AA22FFA35986C81DFAC3167FF79515336B5E1EB27F3E0E973C","THIRD_PARTY_OR_REFERENCE","True","True","0","0","0","UNKNOWN","UNKNOWN","","UNPROVEN","UNPROVEN",""
"Examples\ChartInChart\ChartInChart.mq5",".mq5","ChartInChart.mq5","30556","2026-03-15T15:45:27","2026-09-12T01:22:52","F3E4CB4A68AA5249F081F6E34F0472F6B34A0ECE6A10DB9E4865613AE55C24EA","THIRD_PARTY_OR_REFERENCE","True","True","354","6","0","UNKNOWN","UNKNOWN","M1,M5,M15,M30,H1,H4,D1","UNPROVEN","UNPROVEN",""
"Examples\Controls\Controls.ex5",".ex5","Controls.ex5","175822","2026-03-15T15:45:38","2026-09-12T01:22:52","09DF0CE3FFC20F936B459F38594D051BD0A57E9247239FF5247E588704A8A847","THIRD_PARTY_OR_REFERENCE","True","True","0","0","0","UNKNOWN","UNKNOWN","","UNPROVEN","UNPROVEN",""
"Examples\Controls\Controls.mq5",".mq5","Controls.mq5","2161","2026-03-15T15:45:27","2026-09-12T01:22:52","402A5C589F50A543DC914D1B4687AD4328EA4946BEECC312E2ADA807A382E457","THIRD_PARTY_OR_REFERENCE","True","True","46","0","1","UNKNOWN","UNKNOWN","","UNPROVEN","UNPROVEN",""
"Examples\Controls\ControlsDialog.mqh",".mqh","ControlsDialog.mqh","17723","2026-03-15T15:45:27","2026-09-12T01:22:52","EBDC902F8F9B26D6112B04F9D0BC193F743B189D366110F74AD083D009733B2B","THIRD_PARTY_OR_REFERENCE","False","False","0","0","0","UNKNOWN","UNKNOWN","","UNPROVEN","UNPROVEN",""
"Examples\Correlation Matrix 3D\Correlation Matrix 3D.ex5",".ex5","Correlation Matrix 3D.ex5","69144","2026-03-15T15:45:41","2026-09-12T01:22:52","2D6553B3C710A561EF6CB05984DB0587EAB89BF82AA5BA30E5E1D5F24EFEB6C2","THIRD_PARTY_OR_REFERENCE","True","True","0","0","0","UNKNOWN","UNKNOWN","","UNPROVEN","UNPROVEN",""
"Examples\Correlation Matrix 3D\Correlation Matrix 3D.mq5",".mq5","Correlation Matrix 3D.mq5","77294","2026-03-15T15:45:27","2026-09-12T01:22:52","9153C0A9D64B564F1D2BAB0E6354997D5472BFB3847CD9AA5DD1B2D5E4FBCB62","THIRD_PARTY_OR_REFERENCE","True","True","1003","4","3","EURUSD","UNKNOWN","M1,M5,M15,M30,H1,H4,D1","UNPROVEN","UNPROVEN",""
"Examples\MACD\MACD Sample.ex5",".ex5","MACD Sample.ex5","45846","2026-03-15T15:45:42","2026-09-12T01:22:52","8ED4AE8994F36EABA478390466C54E663F605A8A4ED3AA2B9771E9BCCA9875DF","THIRD_PARTY_OR_REFERENCE","True","True","0","0","0","UNKNOWN","UNKNOWN","","UNPROVEN","UNPROVEN",""
"Examples\MACD\MACD Sample.mq5",".mq5","MACD Sample.mq5","18514","2026-03-15T15:45:27","2026-09-12T01:22:52","80E8D2288F265DCAC2BB1CD6D2B6F98CDE783ADD43AE9E6C86C7548786BC6035","THIRD_PARTY_OR_REFERENCE","True","True","452","6","4","UNKNOWN","UNKNOWN","","UNPROVEN","UNPROVEN","CTrade,iMA,iMACD"
"Examples\Math 3D Morpher\Functions.mqh",".mqh","Functions.mqh","13957","2026-03-15T15:45:27","2026-09-12T01:22:52","0537D4EC52CAAA0BC4D21C9F106E089012BE17F4D18762E2F7762207BAB83EC0","THIRD_PARTY_OR_REFERENCE","False","False","0","0","0","UNKNOWN","UNKNOWN","","UNPROVEN","UNPROVEN",""
"Examples\Math 3D Morpher\Math 3D Morpher.ex5",".ex5","Math 3D Morpher.ex5","69608","2026-03-15T15:45:44","2026-09-12T01:22:52","76F1434918039A21FAFACC0E84222DAED682AF239CEDB2DF740E58DB009C375D","THIRD_PARTY_OR_REFERENCE","True","True","0","0","0","UNKNOWN","UNKNOWN","","UNPROVEN","UNPROVEN",""
"Examples\Math 3D Morpher\Math 3D Morpher.mq5",".mq5","Math 3D Morpher.mq5","35776","2026-03-15T15:45:27","2026-09-12T01:22:52","F8B9ECE9A83E9EB9A940CEA2CA43D27A3F733D3F7E3108EDEAFB1850199867B5","THIRD_PARTY_OR_REFERENCE","True","True","455","5","4","UNKNOWN","UNKNOWN","","UNPROVEN","UNPROVEN",""
"Examples\Math 3D\Functions.mqh",".mqh","Functions.mqh","16008","2026-03-15T15:45:27","2026-09-12T01:22:52","7E3A3CBBE547BAE26AA7E37F7C4BD580B363359A0C77F897F623470AB309B94C","THIRD_PARTY_OR_REFERENCE","False","False","0","0","0","UNKNOWN","UNKNOWN","","UNPROVEN","UNPROVEN",""
"Examples\Math 3D\Math 3D.ex5",".ex5","Math 3D.ex5","39696","2026-03-15T15:45:42","2026-09-12T01:22:52","3AA9A5C617A553651363285FAAF5069A03F6C37D1FD7CC86EF797B321A968955","THIRD_PARTY_OR_REFERENCE","True","True","0","0","0","UNKNOWN","UNKNOWN","","UNPROVEN","UNPROVEN",""
"Examples\Math 3D\Math 3D.mq5",".mq5","Math 3D.mq5","6986","2026-03-15T15:45:27","2026-09-12T01:22:52","27FC7CE4A1E8EBAD863073F1456D265B904D91FF359B28DDB4D3CC63A7B41AC9","THIRD_PARTY_OR_REFERENCE","True","True","84","2","1","UNKNOWN","UNKNOWN","","UNPROVEN","UNPROVEN",""
"Examples\Moving Average\Moving Average.ex5",".ex5","Moving Average.ex5","36062","2026-03-15T15:45:45","2026-09-12T01:22:52","54822A0803129C03F6997D176B593167B662C2093D75814173C1052C16FDB993","THIRD_PARTY_OR_REFERENCE","True","True","0","0","0","UNKNOWN","UNKNOWN","","UNPROVEN","UNPROVEN",""
"Examples\Moving Average\Moving Average.mq5",".mq5","Moving Average.mq5","8003","2026-03-15T15:45:27","2026-09-12T01:22:52","8E431B82F8CCEF6B361601905762CED7AA1C62BEEDD0833CFE8E4E795B19DDA0","THIRD_PARTY_OR_REFERENCE","True","True","234","4","1","UNKNOWN","UNKNOWN","","UNPROVEN","UNPROVEN","CTrade,iMA"
"Fenix V1.ex5",".ex5","Fenix V1.ex5","61032","2026-03-20T15:43:26","2026-09-12T01:22:51","6C8698DA47563FFA98E1F9560618A2D9223EBDD45A126A2AB5EF68516E340120","USER_OR_UNPROVEN","True","True","0","0","0","UNKNOWN","UNKNOWN","","UNPROVEN","UNPROVEN",""
"Fenix V1.mq5",".mq5","Fenix V1.mq5","31530","2026-03-20T15:43:10","2026-09-12T01:22:51","4C06147A2183DC803BC3DB55B4C358FB3F1555F05A78F3EF03146F01C6474F29","USER_OR_UNPROVEN","True","True","729","54","1","XAUUSD","UNKNOWN","M1,H1","Pepperstone","UNPROVEN","CTrade,OnTradeTransaction,iRSI,iMA,iATR,iBands,iMACD,ADX"
"Fenix V2.ex5",".ex5","Fenix V2.ex5","40208","2026-03-18T16:58:15","2026-09-12T01:22:51","61C353B5A87D7CA8D0D27B45FA017E044176406EB627FF65440451A6858CD02B","USER_OR_UNPROVEN","True","True","0","0","0","UNKNOWN","UNKNOWN","","UNPROVEN","UNPROVEN",""
"Fenix V2.mq5",".mq5","Fenix V2.mq5","13213","2026-03-18T16:58:14","2026-09-12T01:22:51","C56EA8960DB8EA2411B166E9364FEF0A21C5763D850E6658FC4DED4E47983EB0","USER_OR_UNPROVEN","True","True","298","20","1","UNKNOWN","UNKNOWN","M1,H1","UNPROVEN","UNPROVEN","CTrade,OnTradeTransaction,iRSI,iMA,iATR,iBands,iMACD,Bollinger"
"Fenix v3 Reversion.ex5",".ex5","Fenix v3 Reversion.ex5","71488","2026-03-20T15:43:22","2026-09-12T01:22:51","F922A7E8AA006D64AEDB3E28D6DE517DCA374CE1C94E139ABAB0E64A41F1F38D","USER_OR_UNPROVEN","True","True","0","0","0","UNKNOWN","UNKNOWN","","UNPROVEN","UNPROVEN",""
"Fenix v3 Reversion.mq5",".mq5","Fenix v3 Reversion.mq5","43487","2026-03-20T15:42:44","2026-09-12T01:22:51","3DB4B015047BA23C43B16AEAA4792D659E1D72F44558DAA2729E1364FA07DE8B","USER_OR_UNPROVEN","True","True","986","63","1","XAUUSD","UNKNOWN","M1,H1","UNPROVEN","UNPROVEN","CTrade,OnTradeTransaction,iRSI,iMA,iATR,iBands,iMACD,ADX,Bollinger"
"Free Robots\BlackCrows WhiteSoldiers CCI.ex5",".ex5","BlackCrows WhiteSoldiers CCI.ex5","46688","2026-03-15T15:45:45","2026-09-12T01:22:52","AF70A240259C2B30A0515EB2053FDC026D0C96F0DD7320AE97DC1D806A499D1E","THIRD_PARTY_OR_REFERENCE","True","True","0","0","0","UNKNOWN","UNKNOWN","","UNPROVEN","UNPROVEN",""
"Free Robots\BlackCrows WhiteSoldiers CCI.mq5",".mq5","BlackCrows WhiteSoldiers CCI.mq5","23577","2026-03-15T15:45:27","2026-09-12T01:22:52","14636BB7B707CA38CAD86C9A91EE9EB6886BF0762394B3392C7518A4AD9570FA","THIRD_PARTY_OR_REFERENCE","True","True","658","9","2","UNKNOWN","UNKNOWN","","UNPROVEN","UNPROVEN","CTrade"
"Free Robots\BlackCrows WhiteSoldiers MFI.ex5",".ex5","BlackCrows WhiteSoldiers MFI.ex5","46366","2026-03-15T15:45:46","2026-09-12T01:22:52","9162C10A5F65E7BB2F014905996354DB656BF3910795500ADD41F6D2A4FEFDDF","THIRD_PARTY_OR_REFERENCE","True","True","0","0","0","UNKNOWN","UNKNOWN","","UNPROVEN","UNPROVEN",""
"Free Robots\BlackCrows WhiteSoldiers MFI.mq5",".mq5","BlackCrows WhiteSoldiers MFI.mq5","23582","2026-03-15T15:45:27","2026-09-12T01:22:52","6133425758FCCA7762AC53CF2DCB34B59465CCA433524057DE6482DBD4AE7493","THIRD_PARTY_OR_REFERENCE","True","True","658","9","2","UNKNOWN","UNKNOWN","","UNPROVEN","UNPROVEN","CTrade"
"Free Robots\BlackCrows WhiteSoldiers RSI.ex5",".ex5","BlackCrows WhiteSoldiers RSI.ex5","47372","2026-03-15T15:45:47","2026-09-12T01:22:52","9EBE1A4B65C99DBB76BC60E43A0B255EB0FEF7FFFD61F1911CDF1295540B6A6B","THIRD_PARTY_OR_REFERENCE","True","True","0","0","0","UNKNOWN","UNKNOWN","","UNPROVEN","UNPROVEN",""
"Free Robots\BlackCrows WhiteSoldiers RSI.mq5",".mq5","BlackCrows WhiteSoldiers RSI.mq5","23595","2026-03-15T15:45:27","2026-09-12T01:22:52","A88720E2ACA390107A147E58A1B3970A39FF11410557EAB718C8C002EFEB042F","THIRD_PARTY_OR_REFERENCE","True","True","658","9","2","UNKNOWN","UNKNOWN","","UNPROVEN","UNPROVEN","CTrade,iRSI"
"Free Robots\BlackCrows WhiteSoldiers Stoch.ex5",".ex5","BlackCrows WhiteSoldiers Stoch.ex5","48244","2026-03-15T15:45:47","2026-09-12T01:22:52","C9526BFF6E064DC8E203B8AE7CB5EA4A8155369A79DE7556182A0E9A985890DB","THIRD_PARTY_OR_REFERENCE","True","True","0","0","0","UNKNOWN","UNKNOWN","","UNPROVEN","UNPROVEN",""
"Free Robots\BlackCrows WhiteSoldiers Stoch.mq5",".mq5","BlackCrows WhiteSoldiers Stoch.mq5","24062","2026-03-15T15:45:27","2026-09-12T01:22:52","312FDC321FE62DFA11922277B35830F27218874871CB9617CF09F42ECACC7C79","THIRD_PARTY_OR_REFERENCE","True","True","662","12","2","UNKNOWN","UNKNOWN","","UNPROVEN","UNPROVEN","CTrade,iStochastic"
"Free Robots\BullishBearish Engulfing CCI.ex5",".ex5","BullishBearish Engulfing CCI.ex5","47152","2026-03-15T15:45:48","2026-09-12T01:22:52","DC1FC5AB29BD2058F14DF780679EE2D4AC7326EF09A71CB84375283A834D930B","THIRD_PARTY_OR_REFERENCE","True","True","0","0","0","UNKNOWN","UNKNOWN","","UNPROVEN","UNPROVEN",""
"Free Robots\BullishBearish Engulfing CCI.mq5",".mq5","BullishBearish Engulfing CCI.mq5","25070","2026-03-15T15:45:27","2026-09-12T01:22:52","67DD47AA94469B57BEEAA0766918DB1CA8A82F164CB412F45F403849148BE139","THIRD_PARTY_OR_REFERENCE","True","True","683","10","2","UNKNOWN","UNKNOWN","","UNPROVEN","UNPROVEN","CTrade,iMA"
"Free Robots\BullishBearish Engulfing MFI.ex5",".ex5","BullishBearish Engulfing MFI.ex5","47104","2026-03-15T15:45:49","2026-09-12T01:22:52","4EA47E786B48D6C5F8D4364D2CBF424D2352DBBC17AE1229CCA8AC072CE1DEF9","THIRD_PARTY_OR_REFERENCE","True","True","0","0","0","UNKNOWN","UNKNOWN","","UNPROVEN","UNPROVEN",""
"Free Robots\BullishBearish Engulfing MFI.mq5",".mq5","BullishBearish Engulfing MFI.mq5","25066","2026-03-15T15:45:27","2026-09-12T01:22:52","63A19A554694FA260150F0D0F83A3E7EB4BE6FF988067AF30D3DB96FEE34787B","THIRD_PARTY_OR_REFERENCE","True","True","683","10","2","UNKNOWN","UNKNOWN","","UNPROVEN","UNPROVEN","CTrade,iMA"
"Free Robots\BullishBearish Engulfing RSI.ex5",".ex5","BullishBearish Engulfing RSI.ex5","47634","2026-03-15T15:45:49","2026-09-12T01:22:52","940F6AA75E908057C6E5C3778D65D1A0C414EA67BAB42B70800FD885EAA8E8EA","THIRD_PARTY_OR_REFERENCE","True","True","0","0","0","UNKNOWN","UNKNOWN","","UNPROVEN","UNPROVEN",""
"Free Robots\BullishBearish Engulfing RSI.mq5",".mq5","BullishBearish Engulfing RSI.mq5","25064","2026-03-15T15:45:27","2026-09-12T01:22:52","F31D225AA34323541E4834C4F904D9B3A9D43C695AFD04C319D4F3BCFED76313","THIRD_PARTY_OR_REFERENCE","True","True","683","10","2","UNKNOWN","UNKNOWN","","UNPROVEN","UNPROVEN","CTrade,iRSI,iMA"
"Free Robots\BullishBearish Engulfing Stoch.ex5",".ex5","BullishBearish Engulfing Stoch.ex5","48430","2026-03-15T15:45:50","2026-09-12T01:22:52","6E63BA276ADC51440571801B108FE549530C928CBE51969F6F75D98F9EC11163","THIRD_PARTY_OR_REFERENCE","True","True","0","0","0","UNKNOWN","UNKNOWN","","UNPROVEN","UNPROVEN",""
"Free Robots\BullishBearish Engulfing Stoch.mq5",".mq5","BullishBearish Engulfing Stoch.mq5","25559","2026-03-15T15:45:27","2026-09-12T01:22:52","0F7CE4BE908FAEF594D2BF851DCBEC2703410B91F0688A168CF47E983109BBAF","THIRD_PARTY_OR_REFERENCE","True","True","689","13","2","UNKNOWN","UNKNOWN","","UNPROVEN","UNPROVEN","CTrade,iMA,iStochastic"
"Free Robots\BullishBearish Harami CCI.ex5",".ex5","BullishBearish Harami CCI.ex5","48394","2026-03-15T15:45:50","2026-09-12T01:22:52","28C43A442E65E1D7BC8CD0B97CDBB3EA5F4134C70E1DD370DD701EBB527D63C8","THIRD_PARTY_OR_REFERENCE","True","True","0","0","0","UNKNOWN","UNKNOWN","","UNPROVEN","UNPROVEN",""
"Free Robots\BullishBearish Harami CCI.mq5",".mq5","BullishBearish Harami CCI.mq5","25144","2026-03-15T15:45:27","2026-09-12T01:22:52","6513EBF6226A5B8600728ED19E85BADB26BC1CEB7298CCD318ED70091883C339","THIRD_PARTY_OR_REFERENCE","True","True","683","10","2","UNKNOWN","UNKNOWN","","UNPROVEN","UNPROVEN","CTrade,iMA"
"Free Robots\BullishBearish Harami MFI.ex5",".ex5","BullishBearish Harami MFI.ex5","46982","2026-03-15T15:45:51","2026-09-12T01:22:52","288FBBEE7F71537FB6CE13AB2ABB23A3B0CCB5C4B794C63B6D3F9DABB90BA9DC","THIRD_PARTY_OR_REFERENCE","True","True","0","0","0","UNKNOWN","UNKNOWN","","UNPROVEN","UNPROVEN",""
"Free Robots\BullishBearish Harami MFI.mq5",".mq5","BullishBearish Harami MFI.mq5","25140","2026-03-15T15:45:27","2026-09-12T01:22:52","83B4F341557E18DB80BD1E35BC177B788F1A1B7FBD7C98B72CDD5269536CC818","THIRD_PARTY_OR_REFERENCE","True","True","683","10","2","UNKNOWN","UNKNOWN","","UNPROVEN","UNPROVEN","CTrade,iMA"
"Free Robots\BullishBearish Harami RSI.ex5",".ex5","BullishBearish Harami RSI.ex5","47760","2026-03-15T15:45:52","2026-09-12T01:22:52","B4831567DE65C903330363FAE252B7D3326B2500AA58D5C9EF1F53EC853EFF98","THIRD_PARTY_OR_REFERENCE","True","True","0","0","0","UNKNOWN","UNKNOWN","","UNPROVEN","UNPROVEN",""
"Free Robots\BullishBearish Harami RSI.mq5",".mq5","BullishBearish Harami RSI.mq5","25138","2026-03-15T15:45:27","2026-09-12T01:22:52","9BBE08876D16A8947FB60B008E4EE632F10FCAE1685A130FDC6CFF5D7674447E","THIRD_PARTY_OR_REFERENCE","True","True","683","10","2","UNKNOWN","UNKNOWN","","UNPROVEN","UNPROVEN","CTrade,iRSI,iMA"
"Free Robots\BullishBearish Harami Stoch.ex5",".ex5","BullishBearish Harami Stoch.ex5","48210","2026-03-15T15:45:52","2026-09-12T01:22:52","13FF01B430E5C6F8F6BEB98ACFA46C5B3A040719C24DB50F24027CB30C82E8B1","THIRD_PARTY_OR_REFERENCE","True","True","0","0","0","UNKNOWN","UNKNOWN","","UNPROVEN","UNPROVEN",""
"Free Robots\BullishBearish Harami Stoch.mq5",".mq5","BullishBearish Harami Stoch.mq5","25599","2026-03-15T15:45:27","2026-09-12T01:22:52","E90C647930750EE9055081D26D3117A87B16C836D198C72A5FBBB9D45426FCE8","THIRD_PARTY_OR_REFERENCE","True","True","686","13","2","UNKNOWN","UNKNOWN","","UNPROVEN","UNPROVEN","CTrade,iMA,iStochastic"
"Free Robots\BullishBearish MeetingLines CCI.ex5",".ex5","BullishBearish MeetingLines CCI.ex5","47946","2026-03-15T15:45:53","2026-09-12T01:22:52","EC67B6A0EC2B32CE75CF52345E0C2FFA9C3DFC0F7064DD7C186F500017ECD9FE","THIRD_PARTY_OR_REFERENCE","True","True","0","0","0","UNKNOWN","UNKNOWN","","UNPROVEN","UNPROVEN",""
"Free Robots\BullishBearish MeetingLines CCI.mq5",".mq5","BullishBearish MeetingLines CCI.mq5","23595","2026-03-15T15:45:27","2026-09-12T01:22:52","6565AFB919929D7DABD80E9C0A570CFF35F5ED38DDD12A03D66F866084372198","THIRD_PARTY_OR_REFERENCE","True","True","655","9","2","UNKNOWN","UNKNOWN","","UNPROVEN","UNPROVEN","CTrade"
"Free Robots\BullishBearish MeetingLines MFI.ex5",".ex5","BullishBearish MeetingLines MFI.ex5","45676","2026-03-15T15:45:53","2026-09-12T01:22:52","8DB88C4D84EA3C1BD70F85F1A8CC34D0E9173B616C14D077377270358F63AF86","THIRD_PARTY_OR_REFERENCE","True","True","0","0","0","UNKNOWN","UNKNOWN","","UNPROVEN","UNPROVEN",""
"Free Robots\BullishBearish MeetingLines MFI.mq5",".mq5","BullishBearish MeetingLines MFI.mq5","23591","2026-03-15T15:45:27","2026-09-12T01:22:52","94598FB0FFD85443A44BBD74270F9C2C214E060F88EAA15CAB9B897C44BFCDF8","THIRD_PARTY_OR_REFERENCE","True","True","653","9","2","UNKNOWN","UNKNOWN","","UNPROVEN","UNPROVEN","CTrade"
"Free Robots\BullishBearish MeetingLines RSI.ex5",".ex5","BullishBearish MeetingLines RSI.ex5","46794","2026-03-15T15:45:54","2026-09-12T01:22:52","32FB29D3571CBD600FC46C30FE6818181A9B8025AF7094D03AAAE1786C7B2AE2","THIRD_PARTY_OR_REFERENCE","True","True","0","0","0","UNKNOWN","UNKNOWN","","UNPROVEN","UNPROVEN",""
"Free Robots\BullishBearish MeetingLines RSI.mq5",".mq5","BullishBearish MeetingLines RSI.mq5","23595","2026-03-15T15:45:27","2026-09-12T01:22:52","D605137CF7161A9B3D57645B02A54CE68F5475A3DC940C872615922CF7CB20CD","THIRD_PARTY_OR_REFERENCE","True","True","654","9","2","UNKNOWN","UNKNOWN","","UNPROVEN","UNPROVEN","CTrade,iRSI"
"Free Robots\BullishBearish MeetingLines Stoch.ex5",".ex5","BullishBearish MeetingLines Stoch.ex5","47962","2026-03-15T15:45:55","2026-09-12T01:22:52","2B2A007543DD974C9D7056809506CFCE732E5770027D91B139E4C9BF00973CB3","THIRD_PARTY_OR_REFERENCE","True","True","0","0","0","UNKNOWN","UNKNOWN","","UNPROVEN","UNPROVEN",""
"Free Robots\BullishBearish MeetingLines Stoch.mq5",".mq5","BullishBearish MeetingLines Stoch.mq5","24047","2026-03-15T15:45:27","2026-09-12T01:22:52","B9C7006045B611CA49C9F81EA2C7C2C5E3E27D2BEBDEEEE04EE576C59855A446","THIRD_PARTY_OR_REFERENCE","True","True","663","12","2","UNKNOWN","UNKNOWN","","UNPROVEN","UNPROVEN","CTrade,iStochastic"
"Free Robots\DarkCloud PiercingLine CCI.ex5",".ex5","DarkCloud PiercingLine CCI.ex5","47394","2026-03-15T15:45:55","2026-09-12T01:22:52","1DAF3D7CC4474C4E5610A59C34781C86CBB44CACCFF2C913EE6FB189C3E3320D","THIRD_PARTY_OR_REFERENCE","True","True","0","0","0","UNKNOWN","UNKNOWN","","UNPROVEN","UNPROVEN",""
"Free Robots\DarkCloud PiercingLine CCI.mq5",".mq5","DarkCloud PiercingLine CCI.mq5","25013","2026-03-15T15:45:27","2026-09-12T01:22:52","6A3DD6F9CE218910230E8876F6C544ACC1FFC9504CD30EFB12D1F330CC20EB4A","THIRD_PARTY_OR_REFERENCE","True","True","683","10","2","UNKNOWN","UNKNOWN","","UNPROVEN","UNPROVEN","CTrade,iMA"
"Free Robots\DarkCloud PiercingLine MFI.ex5",".ex5","DarkCloud PiercingLine MFI.ex5","47742","2026-03-15T15:45:56","2026-09-12T01:22:52","F19F1AD53524027BAAB1C5F329D7017CBF7DAC24E5480F0F3D75CC907EF41AB0","THIRD_PARTY_OR_REFERENCE","True","True","0","0","0","UNKNOWN","UNKNOWN","","UNPROVEN","UNPROVEN",""
"Free Robots\DarkCloud PiercingLine MFI.mq5",".mq5","DarkCloud PiercingLine MFI.mq5","25012","2026-03-15T15:45:27","2026-09-12T01:22:52","6BE55729601904E68337F6669893562055C5F58FC0F1D4BB4275FB49402783D6","THIRD_PARTY_OR_REFERENCE","True","True","682","10","2","UNKNOWN","UNKNOWN","","UNPROVEN","UNPROVEN","CTrade,iMA"
"Free Robots\DarkCloud PiercingLine RSI.ex5",".ex5","DarkCloud PiercingLine RSI.ex5","48160","2026-03-15T15:45:57","2026-09-12T01:22:52","6C83E594B63C68EB876178D287554288652A9B4288C0D8DD427F3999AE13C7BC","THIRD_PARTY_OR_REFERENCE","True","True","0","0","0","UNKNOWN","UNKNOWN","","UNPROVEN","UNPROVEN",""
"Free Robots\DarkCloud PiercingLine RSI.mq5",".mq5","DarkCloud PiercingLine RSI.mq5","25013","2026-03-15T15:45:27","2026-09-12T01:22:52","2454C82DCBB21566C7DF9A9337D444D7CBCA7251D7E98FECE9A8E20DFFF228FD","THIRD_PARTY_OR_REFERENCE","True","True","684","10","2","UNKNOWN","UNKNOWN","","UNPROVEN","UNPROVEN","CTrade,iRSI,iMA"
"Free Robots\DarkCloud PiercingLine Stoch.ex5",".ex5","DarkCloud PiercingLine Stoch.ex5","47468","2026-03-15T15:45:58","2026-09-12T01:22:52","9EC9B06AFFFFF8FAD51A10F599318F17AADB0F888AC019DA8ECE365FF9D22BF4","THIRD_PARTY_OR_REFERENCE","True","True","0","0","0","UNKNOWN","UNKNOWN","","UNPROVEN","UNPROVEN",""
"Free Robots\DarkCloud PiercingLine Stoch.mq5",".mq5","DarkCloud PiercingLine Stoch.mq5","25492","2026-03-15T15:45:27","2026-09-12T01:22:52","850FD17EF346B60B3AA910145C7C91F42672C3DCBE150098B88A44CE3A5BCB8A","THIRD_PARTY_OR_REFERENCE","True","True","688","13","2","UNKNOWN","UNKNOWN","","UNPROVEN","UNPROVEN","CTrade,iMA,iStochastic"
"Free Robots\HangingMan Hammer CCI.ex5",".ex5","HangingMan Hammer CCI.ex5","47430","2026-03-15T15:45:58","2026-09-12T01:22:52","80CB6492B959BB901FFA94455CDA527EE610297846B91726C86FEFD79A2E0B6E","THIRD_PARTY_OR_REFERENCE","True","True","0","0","0","UNKNOWN","UNKNOWN","","UNPROVEN","UNPROVEN",""
"Free Robots\HangingMan Hammer CCI.mq5",".mq5","HangingMan Hammer CCI.mq5","24583","2026-03-15T15:45:27","2026-09-12T01:22:52","36F874930CBF160F817C1908734A0F40ED61B7D324342F4C6D256E8698C03D4D","THIRD_PARTY_OR_REFERENCE","True","True","680","10","2","UNKNOWN","UNKNOWN","","UNPROVEN","UNPROVEN","CTrade,iMA"
"Free Robots\HangingMan Hammer MFI.ex5",".ex5","HangingMan Hammer MFI.ex5","46854","2026-03-15T15:45:59","2026-09-12T01:22:52","506C41641BF5F4581C638F6631E47A2BF1FF77BB0E10A2547F061F7E9CC8BEDF","THIRD_PARTY_OR_REFERENCE","True","True","0","0","0","UNKNOWN","UNKNOWN","","UNPROVEN","UNPROVEN",""
"Free Robots\HangingMan Hammer MFI.mq5",".mq5","HangingMan Hammer MFI.mq5","24583","2026-03-15T15:45:27","2026-09-12T01:22:52","7599E4B2C907338D2DF8D50D0BDDC6136C9B391BC37238CC83DE17546E7579F5","THIRD_PARTY_OR_REFERENCE","True","True","680","10","2","UNKNOWN","UNKNOWN","","UNPROVEN","UNPROVEN","CTrade,iMA"
"Free Robots\HangingMan Hammer RSI.ex5",".ex5","HangingMan Hammer RSI.ex5","47036","2026-03-15T15:46:00","2026-09-12T01:22:52","82BA0A42A27CA13D40003FE0AE33B1ADB47296EE1FFCFC6C18D5FBF3A00F3C15","THIRD_PARTY_OR_REFERENCE","True","True","0","0","0","UNKNOWN","UNKNOWN","","UNPROVEN","UNPROVEN",""
"Free Robots\HangingMan Hammer RSI.mq5",".mq5","HangingMan Hammer RSI.mq5","24592","2026-03-15T15:45:27","2026-09-12T01:22:52","9F29007AB092E3FA1642D722467FE7D61F668367F19459613859A80315EF851B","THIRD_PARTY_OR_REFERENCE","True","True","678","10","2","UNKNOWN","UNKNOWN","","UNPROVEN","UNPROVEN","CTrade,iRSI,iMA"
"Free Robots\HangingMan Hammer Stoch.ex5",".ex5","HangingMan Hammer Stoch.ex5","47758","2026-03-15T15:46:01","2026-09-12T01:22:52","DD8AD9043976184BA3FCA9A0D3E42C7CF681E081B45F886D62D4A8E103026C86","THIRD_PARTY_OR_REFERENCE","True","True","0","0","0","UNKNOWN","UNKNOWN","","UNPROVEN","UNPROVEN",""
"Free Robots\HangingMan Hammer Stoch.mq5",".mq5","HangingMan Hammer Stoch.mq5","25084","2026-03-15T15:45:27","2026-09-12T01:22:52","0A5AC3FB2AC0AAABBF2079478721D04F2804B724528076ABCFA722DA32974F14","THIRD_PARTY_OR_REFERENCE","True","True","684","13","2","UNKNOWN","UNKNOWN","","UNPROVEN","UNPROVEN","CTrade,iMA,iStochastic"
"Free Robots\MorningEvening StarDoji CCI.ex5",".ex5","MorningEvening StarDoji CCI.ex5","47870","2026-03-15T15:46:01","2026-09-12T01:22:52","E8BFE02F5E79740D9AD91EAB77F28513361F61DF4367EB2FCF61C16762BDC527","THIRD_PARTY_OR_REFERENCE","True","True","0","0","0","UNKNOWN","UNKNOWN","","UNPROVEN","UNPROVEN",""
"Free Robots\MorningEvening StarDoji CCI.mq5",".mq5","MorningEvening StarDoji CCI.mq5","26197","2026-03-15T15:45:27","2026-09-12T01:22:52","71885395DDC47A03E84D22E92831024612852020F61042F98A593ABF7255686D","THIRD_PARTY_OR_REFERENCE","True","True","686","9","2","UNKNOWN","UNKNOWN","","UNPROVEN","UNPROVEN","CTrade"
"Free Robots\MorningEvening StarDoji MFI.ex5",".ex5","MorningEvening StarDoji MFI.ex5","47258","2026-03-15T15:46:02","2026-09-12T01:22:52","FAEB44AACDEE23A758DF0A6B80045EBE9CCFDBD261DC22648806BCE885338673","THIRD_PARTY_OR_REFERENCE","True","True","0","0","0","UNKNOWN","UNKNOWN","","UNPROVEN","UNPROVEN",""
"Free Robots\MorningEvening StarDoji MFI.mq5",".mq5","MorningEvening StarDoji MFI.mq5","26170","2026-03-15T15:45:27","2026-09-12T01:22:52","14E87313FC76A208C562C787F4F4181659BFBD802C48BD290FDD0CF6ED61B1D4","THIRD_PARTY_OR_REFERENCE","True","True","687","9","2","UNKNOWN","UNKNOWN","","UNPROVEN","UNPROVEN","CTrade"
"Free Robots\MorningEvening StarDoji RSI.ex5",".ex5","MorningEvening StarDoji RSI.ex5","47672","2026-03-15T15:46:02","2026-09-12T01:22:52","9756DBED90124A5ACB7B7855E89F395AA55252BEA2E41B762220F2E15F0384C5","THIRD_PARTY_OR_REFERENCE","True","True","0","0","0","UNKNOWN","UNKNOWN","","UNPROVEN","UNPROVEN",""
"Free Robots\MorningEvening StarDoji RSI.mq5",".mq5","MorningEvening StarDoji RSI.mq5","26192","2026-03-15T15:45:27","2026-09-12T01:22:52","A492B4E6C36A9532DA62BA1EF38646BE2AFE966DE3A51B23550645E23775CA4B","THIRD_PARTY_OR_REFERENCE","True","True","687","9","2","UNKNOWN","UNKNOWN","","UNPROVEN","UNPROVEN","CTrade,iRSI"
"Free Robots\MorningEvening StarDoji Stoch.ex5",".ex5","MorningEvening StarDoji Stoch.ex5","47988","2026-03-15T15:46:03","2026-09-12T01:22:52","3A08D0616B0C0242E470290C10B2EAFC6AA80DD2FE8AA1C479F96F7300774EF7","THIRD_PARTY_OR_REFERENCE","True","True","0","0","0","UNKNOWN","UNKNOWN","","UNPROVEN","UNPROVEN",""
"Free Robots\MorningEvening StarDoji Stoch.mq5",".mq5","MorningEvening StarDoji Stoch.mq5","26665","2026-03-15T15:45:27","2026-09-12T01:22:52","CB71D970E27CE92C55867CAD41AEE2688A22EE8C8BD9DDD7D6B2762EDE30B136","THIRD_PARTY_OR_REFERENCE","True","True","692","12","2","UNKNOWN","UNKNOWN","","UNPROVEN","UNPROVEN","CTrade,iStochastic"
"Gemini BTCUSD.ex5",".ex5","Gemini BTCUSD.ex5","223590","2026-04-18T13:52:38","2026-09-12T01:22:51","E294D99E2F179BA6C4600B1D528B51E36603F1778F6C7CA9E171EA2D87D20BE6","USER_OR_UNPROVEN","True","True","0","0","0","UNKNOWN","BTCUSD","","UNPROVEN","UNPROVEN",""
"Gemini BTCUSD.mq5",".mq5","Gemini BTCUSD.mq5","114362","2026-04-18T13:24:32","2026-09-12T01:22:51","3F790A995DE1D8028C9FB746C5B19C7DD1B78B84A42BBE98C5CBF3BF39203EBF","USER_OR_UNPROVEN","True","True","2857","142","2","XAUUSD","BTCUSD","M1,M5","Pepperstone","UNPROVEN","CTrade,iRSI,iMA,iATR,iMACD,ADX"
"Gemini.ex5",".ex5","Gemini.ex5","153320","2026-04-17T18:45:46","2026-09-12T01:22:51","ECD7300BF6BAE9850D0B90787A3807122E397E674DBD271DE7C505FEF269544A","USER_OR_UNPROVEN","True","True","0","0","0","UNKNOWN","UNKNOWN","","UNPROVEN","UNPROVEN",""
"Gemini.mq5",".mq5","Gemini.mq5","98444","2026-04-17T18:45:43","2026-09-12T01:22:51","9584B5822EA7EAB8522E40AE5D0313BC1B96229F74E8B7BB146318FD40680852","USER_OR_UNPROVEN","True","True","2502","131","2","XAUUSD","UNKNOWN","M1,M5","UNPROVEN","UNPROVEN","CTrade,iRSI,iMA,iATR,iMACD,ADX"
"Goldictorderblockexpert.ex5",".ex5","Goldictorderblockexpert.ex5","61416","2026-03-20T11:09:36","2026-09-12T01:22:51","79F13141AD1748B2665EDAF36EBC8A265D69C8E15394E90A7246900CFB3F097F","USER_OR_UNPROVEN","True","True","0","0","0","UNKNOWN","UNKNOWN","","UNPROVEN","UNPROVEN",""
"Goldictorderblockexpert.mq5",".mq5","Goldictorderblockexpert.mq5","31557","2026-03-20T11:09:35","2026-09-12T01:22:51","F99BC1A20EADBD5D7E29C39C40E5B72639E7B3F3076C147BCF87864C1BE5445C","USER_OR_UNPROVEN","True","True","801","52","2","XAUUSD","UNKNOWN","M5,H1,H4,D1","UNPROVEN","UNPROVEN","CTrade,iMA,iATR"
"mama.ex5",".ex5","mama.ex5","66654","2026-05-01T03:57:59","2026-09-12T01:22:51","3A43155E9DE03479232A5D4C9EAB011298C942B409E9ADEF4082C64232A60E2D","USER_OR_UNPROVEN","True","True","0","0","0","UNKNOWN","UNKNOWN","","UNPROVEN","UNPROVEN",""
"mama.mq5",".mq5","mama.mq5","16243","2026-05-01T12:54:53","2026-09-12T01:22:51","314663F2EC4544CEF5256A8180D123E2B70A8F8675EDF56375528D514C526B43","USER_OR_UNPROVEN","True","True","451","20","2","UNKNOWN","UNKNOWN","M1,M15","UNPROVEN","UNPROVEN","CTrade,iATR,iBands,Bollinger,ML"
"Market\XAUUSD 5 minute.ex5",".ex5","XAUUSD 5 minute.ex5","28128","2026-03-18T12:08:02","2026-09-12T01:22:52","E722FCEABA393D542A25C3889296B9DDD82027575D0F26279FC0B34C62B7D3CD","THIRD_PARTY_OR_REFERENCE","False","True","0","0","0","UNKNOWN","XAUUSD","","UNPROVEN","UNPROVEN",""
"Mql5 Oro.ex5",".ex5","Mql5 Oro.ex5","41928","2026-04-27T10:39:33","2026-09-12T01:22:51","8B794F8AAA8A7FA3DE0A4AF3F8F19EB4007772990D9933CBBCFF9C42BB11FDA9","USER_OR_UNPROVEN","True","True","0","0","0","UNKNOWN","UNKNOWN","","UNPROVEN","UNPROVEN",""
"Mql5 Oro.mq5",".mq5","Mql5 Oro.mq5","14513","2026-04-27T10:39:11","2026-09-12T01:22:51","2469448697017B6EBF930E56AEF549D720C430FD8DC57F3E155EE2EF55375337","USER_OR_UNPROVEN","True","True","331","32","2","XAUUSD","UNKNOWN","H1","Pepperstone","UNPROVEN","CTrade,iMA,iATR,ADX,ML"
"Multi.mq5",".mq5","Multi.mq5","5347","2026-04-22T09:37:58","2026-09-12T01:22:51","CD4D55E5166F18A61BA9CC10C3E76090C2DBF9BEF1A837E63980A282C4557035","USER_OR_UNPROVEN","True","False","135","12","5","UNKNOWN","UNKNOWN","","Pepperstone","UNPROVEN","iATR"
"NeurAlgo Gold Edition.ex5",".ex5","NeurAlgo Gold Edition.ex5","58052","2026-04-28T12:51:47","2026-09-12T01:22:51","D17B451FB2D76A281711EC37A28D96AC440C2194CF801ADF7D6D0FAD930C1258","USER_OR_UNPROVEN","True","True","0","0","0","UNKNOWN","UNKNOWN","","UNPROVEN","UNPROVEN",""
"NeurAlgo Gold Edition.mq5",".mq5","NeurAlgo Gold Edition.mq5","9154","2026-04-24T17:14:47","2026-09-12T01:22:51","3376E56787D245D9B9DFB92ECE39668DFFFDE6EDA90ED414C63CCFE3DA359689","USER_OR_UNPROVEN","True","True","250","22","2","XAUUSD","UNKNOWN","H1","UNPROVEN","UNPROVEN","CTrade,iMA,iATR,ML"
"NeurAlgo V1.0.ex5",".ex5","NeurAlgo V1.0.ex5","37868","2026-04-28T11:57:28","2026-09-12T01:22:51","C5BB9FD659D48C8F9590E957D8C34C63E2629F584A4A430CDEFC030BE615A7DB","USER_OR_UNPROVEN","True","True","0","0","0","UNKNOWN","UNKNOWN","","UNPROVEN","UNPROVEN",""
"NeurAlgo V1.0.mq5",".mq5","NeurAlgo V1.0.mq5","13253","2026-04-28T09:52:07","2026-09-12T01:22:51","C16B3A44BC9CD8B312D110D49B83CE4A2831D075C67C194B29D6CE8198EDA702","USER_OR_UNPROVEN","True","True","352","16","4","UNKNOWN","UNKNOWN","M1,M15","UNPROVEN","UNPROVEN","CTrade,iRSI,iMA,iATR,ADX,ML"
"NeurAlgo V80.ex5",".ex5","NeurAlgo V80.ex5","219984","2026-05-07T02:00:01","2026-09-12T01:22:51","743026738FFF95E1BE9FAA583A789F6A0C4D834BBF238D53B5A0E8E4AEE472D8","USER_OR_UNPROVEN","True","True","0","0","0","UNKNOWN","UNKNOWN","","UNPROVEN","UNPROVEN",""
"NeurAlgo V80.mq5",".mq5","NeurAlgo V80.mq5","110688","2026-05-07T01:59:34","2026-09-12T01:22:51","E228106D6046BD2B2D9E0A3C3A61754AE19EF6EBE591D846949ACFA6A49B5BA1","USER_OR_UNPROVEN","True","True","2301","167","2","XAUUSD","UNKNOWN","M1,M5","UNPROVEN","UNPROVEN","CTrade,iRSI,iMA,iATR,iMACD,ADX"
"NeurAlgo XAUUSD.ex5",".ex5","NeurAlgo XAUUSD.ex5","87114","2026-04-28T12:49:41","2026-09-12T01:22:51","0E766A22373EEA70A66AFA147237539FC9EEB5C8F8EAEEB82EC61F28AE9D5B8D","USER_OR_UNPROVEN","True","True","0","0","0","UNKNOWN","XAUUSD","","UNPROVEN","UNPROVEN",""
"NeurAlgo XAUUSD.mq5",".mq5","NeurAlgo XAUUSD.mq5","41298","2026-04-23T08:57:05","2026-09-12T01:22:51","0E989063934CABCC8316D6DC21E718FD04F487F1B7B288948FB4AAFC28C79FD8","USER_OR_UNPROVEN","True","True","1026","22","4","XAUUSD","XAUUSD","H1","Pepperstone","UNPROVEN","CTrade,OnTradeTransaction,ML"
"NeurAlgo.mq5",".mq5","NeurAlgo.mq5","5242","2026-04-22T15:01:51","2026-09-12T01:22:51","077A053E0346386B97A595C010AE99E68410CB637BF1C75B2BA62FC3B395A197","USER_OR_UNPROVEN","True","False","121","10","4","XAUUSD","UNKNOWN","","Pepperstone","UNPROVEN","iATR,ML"
"NeurAlgo_Gold_V1.mq5",".mq5","NeurAlgo_Gold_V1.mq5","11344","2026-04-24T14:16:43","2026-09-12T01:22:51","7F36EA7775741F76133D8362FFA7C9B8BE51CC2E9CBACE4525D40B89D087DD74","USER_OR_UNPROVEN","True","False","288","14","2","XAUUSD","UNKNOWN","M1,M15","UNPROVEN","UNPROVEN","CTrade,iATR,ML"
"Oro.ex5",".ex5","Oro.ex5","120676","2026-04-28T21:44:43","2026-09-12T01:22:51","AA3B38F3365441E989FC2AD0A7F808E7CF0CA74829DCCA7978A68D4D37B7EEED","USER_OR_UNPROVEN","True","True","0","0","0","UNKNOWN","UNKNOWN","","UNPROVEN","UNPROVEN",""
"Oro.mq5",".mq5","Oro.mq5","98989","2026-04-28T21:44:41","2026-09-12T01:22:51","F79776FCD32E583812ADB849CFC1C7D48163A3B29AA33D6F9D47A5FA947F3FD1","USER_OR_UNPROVEN","True","True","2591","101","2","XAUUSD","UNKNOWN","M1,M5","Pepperstone","UNPROVEN","CTrade,iRSI,iMA,iATR,iMACD,ADX,ML"
"papa.ex5",".ex5","papa.ex5","40372","2026-05-01T13:14:34","2026-09-12T01:22:51","3E3D5A3A265E8C9C0AFE68AFA541993355D66330D4D5104A860E62CD955FF5D3","USER_OR_UNPROVEN","True","True","0","0","0","UNKNOWN","UNKNOWN","","UNPROVEN","UNPROVEN",""
"papa.mq5",".mq5","papa.mq5","16213","2026-05-01T13:14:33","2026-09-12T01:22:51","BAE668AFCA0868E8CE8177BE3BEA27750EEB7A6E4B459E9D55CB514950DDC52F","USER_OR_UNPROVEN","True","True","451","20","2","XAUUSD","UNKNOWN","M1,M15","UNPROVEN","UNPROVEN","CTrade,iATR,iBands,Bollinger,ML"
"prueba.ex5",".ex5","prueba.ex5","191730","2026-04-23T08:57:55","2026-09-12T01:22:51","46BDA17AC5C74BEB6994D8C3FFBAF99A1AD8CA768402FAA6E4AD20A9D0D1125A","USER_OR_UNPROVEN","True","True","0","0","0","UNKNOWN","UNKNOWN","","UNPROVEN","UNPROVEN",""
"prueba.mq5",".mq5","prueba.mq5","119946","2026-04-23T08:57:52","2026-09-12T01:22:51","9CDDB349BEEFBB50DCC1C5A40A58D2D65976A947F8494F7DF81F59C3588ECE17","USER_OR_UNPROVEN","True","True","2796","131","2","XAUUSD","UNKNOWN","M1,M5","Pepperstone","UNPROVEN","CTrade,iRSI,iMA,iATR,iMACD,ADX"
"QUANTUM QUEEN MT5 DeepSeek.ex5",".ex5","QUANTUM QUEEN MT5 DeepSeek.ex5","32786","2026-03-20T02:56:04","2026-09-12T01:22:51","D241FEFB03473DD29E72D801EA81BE9FA1D0088423801898E9B4767E66BB3F31","USER_OR_UNPROVEN","True","True","0","0","0","UNKNOWN","UNKNOWN","","UNPROVEN","UNPROVEN",""
"QUANTUM QUEEN MT5 DeepSeek.mq5",".mq5","QUANTUM QUEEN MT5 DeepSeek.mq5","27688","2026-03-20T02:56:03","2026-09-12T01:22:51","DCAD12CA87DD3ABF76C24E540FE02238127851BB8F061C6EBE1F20332441CA62","USER_OR_UNPROVEN","True","True","716","49","0","XAUUSD","UNKNOWN","M1","UNPROVEN","UNPROVEN","OrderSend,iRSI,iMA,iATR,iBands,iMACD,Bollinger"
"Quantumqueenmt5.ex5",".ex5","Quantumqueenmt5.ex5","47274","2026-03-20T10:52:40","2026-09-12T01:22:51","EAC0AC278B5740643430757F0E7AAEE8B6B01FCE1A4BBF7D07F5D43046BBBD40","USER_OR_UNPROVEN","True","True","0","0","0","UNKNOWN","UNKNOWN","","UNPROVEN","UNPROVEN",""
"Quantumqueenmt5.mq5",".mq5","Quantumqueenmt5.mq5","21832","2026-03-20T10:48:12","2026-09-12T01:22:51","2572A2CBEA8FFBB141D6229B8CDC145A7159836CE28BB92140FCA74B1DBAE5FA","USER_OR_UNPROVEN","True","True","546","33","3","XAUUSD","UNKNOWN","M1","UNPROVEN","UNPROVEN","CTrade,iRSI,iMA,iATR,iBands,Bollinger"
"Satoshiumea.ex5",".ex5","Satoshiumea.ex5","59196","2026-03-20T11:09:17","2026-09-12T01:22:51","1A55F4AABF59D814A4F7B262283CFA77AF0A43A78DF7A7C467F4BAA091846759","USER_OR_UNPROVEN","True","True","0","0","0","UNKNOWN","UNKNOWN","","UNPROVEN","UNPROVEN",""
"Satoshiumea.mq5",".mq5","Satoshiumea.mq5","27003","2026-03-20T11:09:16","2026-09-12T01:22:51","DA697A72BCF48A2E65D96C70DD03D48B47E1730E101F2997DEA59D181EC7CB30","USER_OR_UNPROVEN","True","True","677","35","2","BTCUSD","UNKNOWN","M1,M15,H1,H4","UNPROVEN","UNPROVEN","CTrade,iRSI,iMA,iATR,iMACD"
"test.ex5",".ex5","test.ex5","156844","2026-05-12T15:15:27","2026-09-12T01:22:52","8F7EED29FF07AF38F6404B22922998EDB8E1BA791D903A96FB9627E0F69CA498","USER_OR_UNPROVEN","True","True","0","0","0","UNKNOWN","UNKNOWN","","UNPROVEN","UNPROVEN",""
"test.mq5",".mq5","test.mq5","78330","2026-05-12T15:15:22","2026-09-12T01:22:52","2EAB15D5EA463F58660523E0E8826282188F88D065BCD32F4111C41CCD0A41E2","USER_OR_UNPROVEN","True","True","1902","167","2","BTCUSD","UNKNOWN","M1,M5","Pepperstone","UNPROVEN","CTrade,iRSI,iMA,iATR,iMACD,ADX"
"Trendsniper btc.ex5",".ex5","Trendsniper btc.ex5","70156","2026-03-20T19:03:47","2026-09-12T01:22:51","0EF78072862DE9A0BF0D7113CC695F3BDA6328AB46EC1062D4A07BCD5029A582","USER_OR_UNPROVEN","True","True","0","0","0","UNKNOWN","UNKNOWN","","UNPROVEN","UNPROVEN",""
"Trendsniper btc.mq5",".mq5","Trendsniper btc.mq5","34647","2026-03-20T18:59:47","2026-09-12T01:22:51","7D9F7CB58E5255407A372CEB1AA9A7A8F5ED98497BDA05DD73D86D24E9EC2166","USER_OR_UNPROVEN","True","True","858","75","3","BTCUSD","UNKNOWN","M1,H1,H4,D1","UNPROVEN","UNPROVEN","CTrade,OnTradeTransaction,iRSI,iMA,iATR,iStochastic,ADX"
"Trendsniper xauusd.ex5",".ex5","Trendsniper xauusd.ex5","70302","2026-03-20T18:59:30","2026-09-12T01:22:51","310EC5DCB2CE63678C301490A5834F90985176659CD85E5949047AF4D3A7629D","USER_OR_UNPROVEN","True","True","0","0","0","UNKNOWN","XAUUSD","","UNPROVEN","UNPROVEN",""
"Trendsniper xauusd.mq5",".mq5","Trendsniper xauusd.mq5","42998","2026-03-20T18:59:29","2026-09-12T01:22:51","7871603F426DD0D2A49A736F6AA22165010F9D62614B62A0C4A1F97DBB148C64","USER_OR_UNPROVEN","True","True","1073","75","3","XAUUSD","XAUUSD","M1,H1,H4,D1","UNPROVEN","UNPROVEN","CTrade,OnTradeTransaction,iRSI,iMA,iATR,iStochastic,ADX"
"Ultimatesmc.ex5",".ex5","Ultimatesmc.ex5","54714","2026-03-20T10:52:53","2026-09-12T01:22:51","A5C27A6C1CCD874C9E90A5444F6724EDB0E70A4EC6CFC00EE7257CC95BFBF8B4","USER_OR_UNPROVEN","True","True","0","0","0","UNKNOWN","UNKNOWN","","UNPROVEN","UNPROVEN",""
"Ultimatesmc.mq5",".mq5","Ultimatesmc.mq5","23662","2026-03-20T10:49:30","2026-09-12T01:22:51","3EF26AF3ABEC7788A59B81E85778A97DD3E017DF1C99FFCAB2E7012EFF26559A","USER_OR_UNPROVEN","True","True","611","37","2","UNKNOWN","UNKNOWN","M1,M15,H1,H4","UNPROVEN","UNPROVEN","CTrade,iMA,iATR"
"Xaubreakoutea.ex5",".ex5","Xaubreakoutea.ex5","51800","2026-03-20T10:53:04","2026-09-12T01:22:51","8DF94694E6D995FFE5028C4D58942BC668EF6BCCCD013EB0A67859CF9E301990","USER_OR_UNPROVEN","True","True","0","0","0","UNKNOWN","UNKNOWN","","UNPROVEN","UNPROVEN",""
"Xaubreakoutea.mq5",".mq5","Xaubreakoutea.mq5","20186","2026-03-20T10:50:53","2026-09-12T01:22:51","831F4FC39426E5D35E5842D14AF65055D01E8E6D983ADF89D143BDCB78BCF355","USER_OR_UNPROVEN","True","True","521","41","3","XAUUSD","UNKNOWN","H1,H4","UNPROVEN","UNPROVEN","CTrade,iMA,iATR"
"XAUUSD NeurAlgo M1.ex5",".ex5","XAUUSD NeurAlgo M1.ex5","213150","2026-05-12T01:52:44","2026-09-12T01:22:51","7A8A734480277C232E3C090B8D04E37D05A743C847466D70BED7C84CF226CE56","USER_OR_UNPROVEN","True","True","0","0","0","UNKNOWN","XAUUSD","","UNPROVEN","UNPROVEN",""
"XAUUSD NeurAlgo M1.mq5",".mq5","XAUUSD NeurAlgo M1.mq5","97572","2026-05-11T23:05:21","2026-09-12T01:22:51","79EB8075C33098577B9EE142BDDD4CED6EA4D9004B06701C90832226B0AC931C","USER_OR_UNPROVEN","True","True","2084","167","2","XAUUSD","XAUUSD","M1,M5","UNPROVEN","UNPROVEN","CTrade,iRSI,iMA,iATR,iMACD,ADX"
"XAUUSD NeurAlgo M15.ex5",".ex5","XAUUSD NeurAlgo M15.ex5","54338","2026-05-08T22:30:47","2026-09-12T01:22:52","487F412607312AE603EA1FBC82DD25C38AF6963E5D76316D85C8D4D16A662C80","USER_OR_UNPROVEN","True","True","0","0","0","UNKNOWN","XAUUSD","","UNPROVEN","UNPROVEN",""
"XAUUSD NeurAlgo M15.mq5",".mq5","XAUUSD NeurAlgo M15.mq5","16193","2026-05-11T23:04:08","2026-09-12T01:22:51","E12AD4ED5669F71199899A3040511D4F7B96D5486599AFABB9EEDACF7443AEEC","USER_OR_UNPROVEN","True","True","451","20","2","UNKNOWN","XAUUSD","M1,M15","UNPROVEN","UNPROVEN","CTrade,iATR,iBands,Bollinger,ML"
"ZRCE_v1.ex5",".ex5","ZRCE_v1.ex5","71488","2026-05-05T01:08:02","2026-09-12T01:22:51","B851C393D5C8A504D25379124EE26C9695B06FE26000CA926217E19099C077F6","USER_OR_UNPROVEN","True","True","0","0","0","UNKNOWN","UNKNOWN","","UNPROVEN","UNPROVEN",""
"ZRCE_v1.mq5",".mq5","ZRCE_v1.mq5","85606","2026-05-05T01:08:00","2026-09-12T01:22:51","E089596F860267826D113DB4E2C86DEFBD60186E2FED1E5124203A34AC7CB891","USER_OR_UNPROVEN","True","True","1924","26","5","EURUSD","UNKNOWN","M1,M5","Pepperstone","UNPROVEN","CTrade,OnTradeTransaction,iATR,iBands,Bollinger"
