filename,relative_path,family,lines,inputs,normalized_sha256
AKALI EA.mq5,AKALI EA.mq5,akali,573,32,e826204f0074d38afe909a9733e5f5cd6b0835b0dab0268c48ba0b66853587bf
Akaliea.mq5,Akaliea.mq5,akali,418,46,230dc0ebde1639c310273f0a1c9a1eec92f14ed70a78621c04d78c82a5a07606
APEXQUANT - V7.7-PRO.mq5,APEXQUANT - V7.7-PRO.mq5,apexquant,2656,131,2ed14e1634859ad9dc818191e5953506ff296d55c12f0e1c89b195f948566b68
ApexQuant BTCUSD.mq5,ApexQuant BTCUSD.mq5,apexquant,1444,90,bdc881f1e95f00ade7e53eb72961df59158441dacd7a75555194b4033f8952c9
ApexQuant Diego Saenz.mq5,ApexQuant Diego Saenz.mq5,apexquant,2638,96,d87df5d2b51a77566815d3fd8ff43c317b3b3a98eae60bb0103f809271f01a68
ApexQuant Institucional BTCUSD.mq5,ApexQuant Institucional BTCUSD.mq5,apexquant,2663,121,fdd04e42ff388c59d75d94cc74d455bb13d68cc22169cd8677f6257e0b190a8e
ApexQuant Institucional XAUUSD.mq5,ApexQuant Institucional XAUUSD.mq5,apexquant,2383,93,4582ce9dabaa7eb1621dd791debd7611d196757bad318257fa636d8a2d71e308
ApexQuant Institucional.mq5,ApexQuant Institucional.mq5,apexquant,2625,121,a50a642f26af6ce8bd398ed4d3190b15dd5905bad28264c9fb6b7ce596e4f411
ApexQuant MQL5.mq5,ApexQuant MQL5.mq5,apexquant,2641,131,c2785d3cee9c468ff11003657f2f073ac4da1457993a04ab0e6a11576f87792e
ApexQuant XAUUSD.mq5,ApexQuant XAUUSD.mq5,apexquant,1309,84,a86e26337cb5bdcb11830d0d066717a0476dddad3fc38ba589a2bec5692f9bef
ApexQuant.mq5,ApexQuant.mq5,apexquant,448,32,8014d014e161043e68a882c7de49c40a19e445335a88e6e8b1f81f347b868d2c
ApexQuant_Phase1_Trim.mq5,ApexQuant_Phase1_Trim.mq5,apexquant,204,21,0a3eca9d3a06d58de43f668bcd51cb8aa74f1ba26dea9838c48fb2752cbf4f55
ApexQuant_V7.8-PRO.mq5,ApexQuant_V7.8-PRO.mq5,apexquant,3143,146,f82667e73a5fb89bb302b15febd213c42cf4d39d7a8741766c97a2ce8385d4d9
APEXQUANT_V78_DYNAMIC.mq5,APEXQUANT_V78_DYNAMIC.mq5,apexquant,2764,156,6c9891656c15eed4923049a6203f232a757acc500682b98753169125791010fa
APEXQUANT_V79_ASYMMETRIC.mq5,APEXQUANT_V79_ASYMMETRIC.mq5,apexquant,2180,167,0f329f6d83a954a634c5e4083fda7793fdce7a90d00de96d4a14e2cb9375bb8a
ApexQuantFenix.mq5,ApexQuantFenix.mq5,apexquant,920,59,5c01e448bbd367690e0fc13f75c21c6e8784a8c046db89f7a553c83027cdbffe
AQDSV7.6 Gemini 3.5 Pro.mq5,AQDSV7.6 Gemini 3.5 Pro.mq5,apexquant,1546,113,17c38402ea69fd8a54775dd15d71e8f7005ef33203c2ec3ec6a1cf12dd23235f
BTCUSD NeurAlgo M1.mq5,BTCUSD NeurAlgo M1.mq5,neur_algo,2082,167,72f1c16129deaaad1b0294181432813164533ca460607372d422458b9bcd7ad1
Core_Sensor.mqh.mq5,Core_Sensor.mqh.mq5,diagnostic-or-experiment,106,0,b98a655032c66fc9a797edf07d186d0797dac0b9eafb52d46fdf8a2f4e5192a6
Diagnostico_BTC.mq5,Diagnostico_BTC.mq5,diagnostic-or-experiment,34,0,e0b463f094ac890bfdcc2fb5b6574fbb17c6164c1565ba21b108af185a246a21
DiegoSaenz 24h.mq5,DiegoSaenz 24h.mq5,other,1803,90,c3b276ce3a256e7b5232039568575e519e62febc66f9ca8003fa35833beb6686
DiegoSaenz.mq5,DiegoSaenz.mq5,other,1359,87,4f847119e9c428b5c07bd1b04799296a90dfc8c8c29e4b222433cf4244aceddc
Engulfingbull ny backtested.mq5,Engulfingbull ny backtested.mq5,engulfing,736,17,23c618ca39450656c77adfde518de2df0e8b12b0364599411d73dc95be7b09b9
EngulfingBull_NY_EA.mq5,EngulfingBull_NY_EA.mq5,engulfing,736,17,d6d4cdba9650734ce0fb92c71666956d26f0e4c901bf4222bc796b9096c7d5ce
EngulfingBull_NY_EA_v3.mq5,EngulfingBull_NY_EA_v3.mq5,engulfing,561,20,481287556ce7d9cc79b6e75a7fbc9c7963787736340a823aa119691f9d6d549e
Fenix V1.mq5,Fenix V1.mq5,fenix-mt5,729,54,86f7b3a1bfe7d5b6e6e8400d0720ea4ba61e3dcdbf7cab19e0c8c507fa6b9e9c
Fenix V2.mq5,Fenix V2.mq5,fenix-mt5,298,20,f8030b230ed96f53593cdc7bbe0464321f941d25d42d5010d8d02f5e76feb429
Fenix v3 Reversion.mq5,Fenix v3 Reversion.mq5,fenix-mt5,986,63,d065e41d3634b718d7301c60a1d41ad073ffc588e4bf59dea49dacfab51d1fa1
Gemini BTCUSD.mq5,Gemini BTCUSD.mq5,other,2857,142,50ae25a1861464d00faae000dfd3766e8884b7290d2452fe135447e82839731a
Gemini.mq5,Gemini.mq5,other,2502,131,e008e0c86e28dbe0e5d147359ae41ff85bd41b29cedda01fcf5c3b5fba5339f3
Goldictorderblockexpert.mq5,Goldictorderblockexpert.mq5,gold-ict,801,52,4904eaa0230e3ab75f7c942d3dfc7e3cd92738556e673d36d0de5b58e434a1ab
mama.mq5,mama.mq5,other,451,20,3b0b4a4a0b040620f683e8884595d59c5896fffc221d662dd48fbcb4ed5e3327
Mql5 Oro.mq5,Mql5 Oro.mq5,oro-gold,331,32,75dee567fce33c87f7ccb4cd4ac3b6750cdd74436c53c9f369e2724580efabf9
Multi.mq5,Multi.mq5,other,135,12,d9450b49ee759332746de76d8b4fd15bfd0eefbe91925215958792daa3163eac
NeurAlgo Gold Edition.mq5,NeurAlgo Gold Edition.mq5,neur_algo,250,22,3275b2f93b6bcecb88ee0d3d0c1129c37427b0bc55b6f2d06306d5df4b550bf7
NeurAlgo V1.0.mq5,NeurAlgo V1.0.mq5,neur_algo,352,16,239dc8999887ea50aca1cfebd1893237f533e7eddda4528074f9a89e5385f66c
NeurAlgo V80.mq5,NeurAlgo V80.mq5,neur_algo,2301,167,5769b3de0f0b104c40e56ab80b018255d76e8ec5cda98c564d0cfdccd830e36d
NeurAlgo XAUUSD.mq5,NeurAlgo XAUUSD.mq5,neur_algo,1026,22,be3d05a125f1ac050f05b17c6422f2709642029b8dc3bccd10d87077b60cc500
NeurAlgo.mq5,NeurAlgo.mq5,neur_algo,121,10,b806ff89bed4f92c9575dee75a5919267dc133e3336a52fbc2493ba71ad646fe
NeurAlgo_Gold_V1.mq5,NeurAlgo_Gold_V1.mq5,neur_algo,288,14,0f7c622140c0de1b4bf5ad920572cbe230f8deb1e789df3684f362d65915e694
Oro.mq5,Oro.mq5,oro-gold,2591,101,82bffdf340a1ee3fea5f425ac0fd1a89b27163df791189f044d0254a0e80619b
papa.mq5,papa.mq5,other,451,20,7f3e12fcf87f2e523a819b39083aa0fdeaa8d3d48facf74d58f93a56eb7df472
prueba.mq5,prueba.mq5,other,2796,131,0474176ddebb2d580c88e1dd280cf72c54298f25984570847e3f16a6fb29b7be
QUANTUM QUEEN MT5 DeepSeek.mq5,QUANTUM QUEEN MT5 DeepSeek.mq5,quantum-queen,716,49,f62d4124854cb757652cd1d9eb9b09a75d6a3900e8627c594a9f24edb84ee201
Quantumqueenmt5.mq5,Quantumqueenmt5.mq5,quantum-queen,546,33,c1a2bd81b752652bbf121f717499b19d40165ddb2c902af269e2c8ac03d66f10
Satoshiumea.mq5,Satoshiumea.mq5,satoshi,677,35,addcbe0fb986d43e94dc8ee3a2ee63406d0a9c2cc9703663718cc51e82c34553
test.mq5,test.mq5,other,1902,167,2bb14888abcaf5dea626175b7d716b4533c70f4b54c1a08e6207fc275dbcada7
Trendsniper btc.mq5,Trendsniper btc.mq5,trendsniper,858,75,a95bfa9a94620274d54962c7431cc887cccf1c7d2c1ac69d515eaf1d62310773
Trendsniper xauusd.mq5,Trendsniper xauusd.mq5,trendsniper,1073,75,1c25308ee41f84a83a7f3d41ca21b949a9b3a7d595130d20445a6f3d785072fe
Ultimatesmc.mq5,Ultimatesmc.mq5,smc,611,37,76dcddc90fecdfb560d2c8b355cd0c49128cfa21f5176d999737d92c9f76c944
Xaubreakoutea.mq5,Xaubreakoutea.mq5,gold-breakout,521,41,b302f7ac4bdcb6f5f9ac7555b9e827de3473b148e64439e919229036f38417c1
XAUUSD NeurAlgo M1.mq5,XAUUSD NeurAlgo M1.mq5,neur_algo,2084,167,9ea15e1a1024abbc31af5f7fe86917f6bac2fbed26e15e9ce87c1b67b26e9e37
XAUUSD NeurAlgo M15.mq5,XAUUSD NeurAlgo M15.mq5,neur_algo,451,20,1ae728a9335b8ecb5b89d565b937a8834981ae5b040f522e006489cbeb0aa78a
ZRCE_v1.mq5,ZRCE_v1.mq5,zrce,1923,26,12aa1fb071cbd6885081f3773419c442e7ef9e7fca9341f1d9fb4e93f41f3d5d
